{
  "AGR_FEC": {
    "AGR_FEC": {
      "aggregation": "sum",
      "defaultUnit": "PJ",
      "keepDimensions": "Commodity"
    }
  },
  "IND-CAF_FEC": {
    "IND-CAF_FEC": {
      "aggregation": "sum",
      "defaultUnit": "PJ",
      "keepDimensions": "Commodity"
    }
  },
  "IND-CON_FEC": {
    "IND-CON_FEC": {
      "aggregation": "sum",
      "defaultUnit": "PJ",
      "keepDimensions": "Commodity"
    }
  },
  "IND-EOE_FEC": {
    "IND-EOE_FEC": {
      "aggregation": "sum",
      "defaultUnit": "PJ",
      "keepDimensions": "Commodity"
    }
  },
  "IND-FAB_FEC": {
    "IND-FAB_FEC": {
      "aggregation": "sum",
      "defaultUnit": "PJ",
      "keepDimensions": "Commodity"
    }
  },
  "IND-MAE_FEC": {
    "IND-MAE_FEC": {
      "aggregation": "sum",
      "defaultUnit": "PJ",
      "keepDimensions": "Commodity"
    }
  },
  "IND-MAP_FEC": {
    "IND-MAP_FEC": {
      "aggregation": "sum",
      "defaultUnit": "PJ",
      "keepDimensions": "Commodity"
    }
  },
  "IND-NEM_FEC": {
    "IND-NEM_FEC": {
      "aggregation": "sum",
      "defaultUnit": "PJ",
      "keepDimensions": "Commodity"
    }
  },
  "IND-OMA_FEC": {
    "IND-OMA_FEC": {
      "aggregation": "sum",
      "defaultUnit": "PJ",
      "keepDimensions": "Commodity"
    }
  },
  "IND-ONM_FEC": {
    "IND-ONM_FEC": {
      "aggregation": "sum",
      "defaultUnit": "PJ",
      "keepDimensions": "Commodity"
    }
  },
  "IND-PX4_FEC": {
    "IND-PX4_FEC": {
      "aggregation": "sum",
      "defaultUnit": "PJ",
      "keepDimensions": "Commodity"
    }
  },
  "IND-RAP_FEC": {
    "IND-RAP_FEC": {
      "aggregation": "sum",
      "defaultUnit": "PJ",
      "keepDimensions": "Commodity"
    }
  },
  "IND-TAP_FEC": {
    "IND-TAP_FEC": {
      "aggregation": "sum",
      "defaultUnit": "PJ",
      "keepDimensions": "Commodity"
    }
  },
  "IND-TEM_FEC": {
    "IND-TEM_FEC": {
      "aggregation": "sum",
      "defaultUnit": "PJ",
      "keepDimensions": "Commodity"
    }
  },
  "IND-WAP_FEC": {
    "IND-WAP_FEC": {
      "aggregation": "sum",
      "defaultUnit": "PJ",
      "keepDimensions": "Commodity"
    }
  },
  "IND_Emissions-CO2": {
    "IND_Emissions-CO2": {
      "aggregation": "sum",
      "defaultUnit": "kt",
      "keepDimensions": "Processset"
    }
  },
  "IND_FEC": {
    "IND_FEC": {
      "aggregation": "sum",
      "defaultUnit": "PJ",
      "keepDimensions": "Commodity"
    }
  },
  "PWR_Cap": {
    "PWR_Cap": {
      "aggregation": "sum",
      "defaultUnit": "GW",
      "keepDimensions": "Processset"
    }
  },
  "PWR_Cap-N": {
    "PWR_Cap-N": {
      "aggregation": "sum",
      "defaultUnit": "GW",
      "keepDimensions": "Processset"
    }
  },
  "PWR_Emissions-CO2": {
    "PWR_Emissions-CO2": {
      "aggregation": "sum",
      "defaultUnit": "kt",
      "keepDimensions": "Processset"
    }
  },
  "PWR_Gen-ELCC": {
    "PWR_Gen-ELCC": {
      "aggregation": "sum",
      "defaultUnit": "PJ",
      "keepDimensions": "Processset"
    }
  },
  "PWR_Gen-HETC": {
    "PWR_Gen-HETC": {
      "aggregation": "sum",
      "defaultUnit": "PJ",
      "keepDimensions": "Processset"
    }
  },
  "RSD_BLD-N_TYPE": {
    "RSD_BLD-N_TYPE": {
      "aggregation": "sum",
      "defaultUnit": "kDwellings",
      "keepDimensions": "Processset"
    }
  },
  "RSD_BLD_TYPE": {
    "RSD_BLD_TYPE": {
      "aggregation": "sum",
      "defaultUnit": "kUnits",
      "keepDimensions": "Processset"
    }
  },
  "RSD_FEC": {
    "RSD_FEC": {
      "aggregation": "sum",
      "defaultUnit": "PJ",
      "keepDimensions": "Commodity"
    }
  },
  "RSD_OtherServices_FuelCons": {
    "RSD_OtherServices_FuelCons": {
      "aggregation": "sum",
      "defaultUnit": "PJ",
      "keepDimensions": "Commodity"
    }
  },
  "RSD_RTFT-APT_NCAP": {
    "RSD_RTFT-APT_NCAP": {
      "aggregation": "sum",
      "defaultUnit": "kUnits",
      "keepDimensions": "Process"
    }
  },
  "RSD_RTFT-ATT_NCAP": {
    "RSD_RTFT-ATT_NCAP": {
      "aggregation": "sum",
      "defaultUnit": "kUnits",
      "keepDimensions": "Process"
    }
  },
  "RSD_RTFT-DET_NCAP": {
    "RSD_RTFT-DET_NCAP": {
      "aggregation": "sum",
      "defaultUnit": "kUnits",
      "keepDimensions": "Process"
    }
  },
  "RSD_RTFT_NRG_SAVINGS": {
    "RSD_RTFT_NRG_SAVINGS": {
      "aggregation": "sum",
      "defaultUnit": "PJ",
      "keepDimensions": "Commodity"
    }
  },
  "RSD_Services_CO2Emissions": {
    "RSD_Services_CO2Emissions": {
      "aggregation": "sum",
      "defaultUnit": "kt",
      "keepDimensions": "Processset"
    }
  },
  "RSD_Services_EnergyCons": {
    "RSD_Services_EnergyCons": {
      "aggregation": "sum",
      "defaultUnit": "PJ",
      "keepDimensions": "Processset"
    }
  },
  "RSD_WS-APT_FuelCons": {
    "RSD_WS-APT_FuelCons": {
      "aggregation": "sum",
      "defaultUnit": "PJ",
      "keepDimensions": "Commodity"
    }
  },
  "RSD_WS-APT_NCAP": {
    "RSD_WS-APT_NCAP": {
      "aggregation": "sum",
      "defaultUnit": "kUnits",
      "keepDimensions": "Process"
    }
  },
  "RSD_WS-ATT_FuelCons": {
    "RSD_WS-ATT_FuelCons": {
      "aggregation": "sum",
      "defaultUnit": "PJ",
      "keepDimensions": "Commodity"
    }
  },
  "RSD_WS-ATT_NCAP": {
    "RSD_WS-ATT_NCAP": {
      "aggregation": "sum",
      "defaultUnit": "kUnits",
      "keepDimensions": "Process"
    }
  },
  "RSD_WS-DET_FuelCons": {
    "RSD_WS-DET_FuelCons": {
      "aggregation": "sum",
      "defaultUnit": "PJ",
      "keepDimensions": "Commodity"
    }
  },
  "RSD_WS-DET_NCAP": {
    "RSD_WS-DET_NCAP": {
      "aggregation": "sum",
      "defaultUnit": "kUnits",
      "keepDimensions": "Process"
    }
  },
  "RSD_WaterSpace_FuelCons": {
    "RSD_WaterSpace_FuelCons": {
      "aggregation": "sum",
      "defaultUnit": "PJ",
      "keepDimensions": "Commodity"
    }
  },
  "SRV-COM_FEC_WS": {
    "SRV-COM_FEC_WS": {
      "aggregation": "sum",
      "defaultUnit": "PJ",
      "keepDimensions": "Commodity"
    }
  },
  "SRV-DCs_EH": {
    "SRV-DCs_EH": {
      "aggregation": "sum",
      "defaultUnit": "PJ",
      "keepDimensions": "Commodity"
    }
  },
  "SRV-DCs_EH_DH-Grid": {
    "SRV-DCs_EH_DH-Grid": {
      "aggregation": "sum",
      "defaultUnit": "PJ",
      "keepDimensions": "Commodity"
    }
  },
  "SRV-PUB_FEC_WS": {
    "SRV-PUB_FEC_WS": {
      "aggregation": "sum",
      "defaultUnit": "PJ",
      "keepDimensions": "Commodity"
    }
  },
  "SRV_FEC": {
    "SRV_FEC": {
      "aggregation": "sum",
      "defaultUnit": "PJ",
      "keepDimensions": "Commodity"
    }
  },
  "SRV_FEC_DCs": {
    "SRV_FEC_DCs": {
      "aggregation": "sum",
      "defaultUnit": "PJ",
      "keepDimensions": "Commodity"
    }
  },
  "SRV_FEC_Service": {
    "SRV_FEC_Service": {
      "aggregation": "sum",
      "defaultUnit": "PJ",
      "keepDimensions": "Processset"
    }
  },
  "SUP_BIODST": {
    "SUP_BIODST": {
      "aggregation": "sum",
      "defaultUnit": "PJ",
      "keepDimensions": "Process"
    }
  },
  "SUP_BIOETH": {
    "SUP_BIOETH": {
      "aggregation": "sum",
      "defaultUnit": "PJ",
      "keepDimensions": "Process"
    }
  },
  "SUP_BIOGAS": {
    "SUP_BIOGAS": {
      "aggregation": "sum",
      "defaultUnit": "PJ",
      "keepDimensions": "Process"
    }
  },
  "SUP_HYDROGEN": {
    "SUP_HYDROGEN": {
      "aggregation": "sum",
      "defaultUnit": "PJ",
      "keepDimensions": "Process"
    }
  },
  "SYS_CO2Price": {
    "SYS_CO2Price": {
      "aggregation": "mean",
      "defaultUnit": "MEUR/kt",
      "keepDimensions": "Commodityset",
      "reverseSign": true
    }
  },
  "SYS_Cost_Sector": {
    "SYS_Cost_Sector": {
      "aggregation": "sum",
      "defaultUnit": "MEUR",
      "keepDimensions": "Processset"
    }
  },
  "SYS_Cost_Type": {
    "SYS_Cost_Type": {
      "aggregation": "sum",
      "defaultUnit": "MEUR",
      "keepDimensions": "Userconstraint"
    }
  },
  "SYS_DACS": {
    "SYS_DACS": {
      "aggregation": "sum",
      "defaultUnit": "kt",
      "keepDimensions": "Commodity"
    }
  },
  "SYS_Emissions_CO2_Domestic": {
    "SYS_Emissions_CO2": {
      "aggregation": "sum",
      "defaultUnit": "kt",
      "keepDimensions": "Commodity"
    },
    "TRA_AVIINT_NAV_EmissionsCO2": {
      "aggregation": "sum",
      "defaultUnit": "kt",
      "keepDimensions": "Commodity",
      "reverseSign": true
    }
  },
  "SYS_FEC-BIODST_Sector": {
    "SYS_FEC-BIODST_Sector": {
      "aggregation": "sum",
      "defaultUnit": "PJ",
      "keepDimensions": "Processset"
    }
  },
  "SYS_FEC-BIOETH_Sector": {
    "SYS_FEC-BIOETH_Sector": {
      "aggregation": "sum",
      "defaultUnit": "PJ",
      "keepDimensions": "Processset"
    }
  },
  "SYS_FEC-BIOGAS_Sector": {
    "SYS_FEC-BIOGAS_Sector": {
      "aggregation": "sum",
      "defaultUnit": "PJ",
      "keepDimensions": "Processset"
    }
  },
  "SYS_FEC-BIOWOOx_Sector": {
    "SYS_FEC-BIOWOOx_Sector": {
      "aggregation": "sum",
      "defaultUnit": "PJ",
      "keepDimensions": "Processset"
    }
  },
  "SYS_FEC-COA_Sector": {
    "SYS_FEC-COA_Sector": {
      "aggregation": "sum",
      "defaultUnit": "PJ",
      "keepDimensions": "Processset"
    }
  },
  "SYS_FEC-ELCD_Sector": {
    "SYS_FEC-ELCD_Sector": {
      "aggregation": "sum",
      "defaultUnit": "PJ",
      "keepDimensions": "Processset"
    }
  },
  "SYS_FEC-GASNAT_Sector": {
    "SYS_FEC-GASNAT_Sector": {
      "aggregation": "sum",
      "defaultUnit": "PJ",
      "keepDimensions": "Processset"
    }
  },
  "SYS_FEC-H2_Sector": {
    "SYS_FEC-H2_Sector": {
      "aggregation": "sum",
      "defaultUnit": "PJ",
      "keepDimensions": "Processset"
    }
  },
  "SYS_FEC-HETD_Sector": {
    "SYS_FEC-HETD_Sector": {
      "aggregation": "sum",
      "defaultUnit": "PJ",
      "keepDimensions": "Processset"
    }
  },
  "SYS_FEC-HFO_Sector": {
    "SYS_FEC-HFO_Sector": {
      "aggregation": "sum",
      "defaultUnit": "PJ",
      "keepDimensions": "Processset"
    }
  },
  "SYS_FEC-LPG_Sector": {
    "SYS_FEC-LPG_Sector": {
      "aggregation": "sum",
      "defaultUnit": "PJ",
      "keepDimensions": "Processset"
    }
  },
  "SYS_FEC-OILDST_Sector": {
    "SYS_FEC-OILDST_Sector": {
      "aggregation": "sum",
      "defaultUnit": "PJ",
      "keepDimensions": "Processset"
    }
  },
  "SYS_FEC-OILGSL_Sector": {
    "SYS_FEC-OILGSL_Sector": {
      "aggregation": "sum",
      "defaultUnit": "PJ",
      "keepDimensions": "Processset"
    }
  },
  "SYS_FEC-OILKER_Sector": {
    "SYS_FEC-OILKER_Sector": {
      "aggregation": "sum",
      "defaultUnit": "PJ",
      "keepDimensions": "Processset"
    }
  },
  "SYS_FEC-PEAT_Sector": {
    "SYS_FEC-PEAT_Sector": {
      "aggregation": "sum",
      "defaultUnit": "PJ",
      "keepDimensions": "Processset"
    }
  },
  "SYS_FEC_Fuel": {
    "SYS_FEC_Fuel_SEAI": {
      "aggregation": "sum",
      "defaultUnit": "PJ",
      "keepDimensions": "Commodityset"
    }
  },
  "SYS_FEC_Fuel_2": {
    "SYS_FEC_Fuel_SEAI": {
      "aggregation": "sum",
      "defaultUnit": "PJ",
      "keepDimensions": "Commodityset"
    }
  },
  "SYS_FEC_Sector": {
    "SYS_FEC_Sector": {
      "aggregation": "sum",
      "defaultUnit": "PJ",
      "keepDimensions": "Processset"
    }
  },
  "SYS_LumpInv_Sector": {
    "SYS_LumpInv_Sector": {
      "aggregation": "sum",
      "defaultUnit": "MEUR",
      "keepDimensions": "Processset"
    }
  },
  "SYS_NRG-Export": {
    "SYS_NRG-Export_SEAI": {
      "aggregation": "sum",
      "defaultUnit": "PJ",
      "keepDimensions": "Commodityset"
    }
  },
  "SYS_NRG-Import": {
    "SYS_NRG-Import_SEAI": {
      "aggregation": "sum",
      "defaultUnit": "PJ",
      "keepDimensions": "Commodityset"
    }
  },
  "SYS_NRG-Ind_Supply": {
    "AGR_NRG-BIO-PRIME_SEAI": {
      "aggregation": "sum",
      "defaultUnit": "PJ",
      "keepDimensions": "Commodityset"
    },
    "SYS_NRG-Mining_SEAI": {
      "aggregation": "sum",
      "defaultUnit": "PJ",
      "keepDimensions": "Commodityset"
    }
  },
  "SYS_TPED": {
    "SYS_NRG-Import_SEAI": {
      "aggregation": "sum",
      "defaultUnit": "PJ",
      "keepDimensions": "Commodityset"
    },
    "AGR_NRG-BIO-PRIME_SEAI": {
      "aggregation": "sum",
      "defaultUnit": "PJ",
      "keepDimensions": "Commodityset"
    },
    "SYS_NRG-Mining_SEAI": {
      "aggregation": "sum",
      "defaultUnit": "PJ",
      "keepDimensions": "Commodityset"
    },
    "SYS_NRG-Export_SEAI_2": {
      "aggregation": "sum",
      "defaultUnit": "PJ",
      "keepDimensions": "Commodityset",
      "reverseSign": true
    }
  },
  "TRA-Land_LumpInv": {
    "TRA-Land_LumpInv": {
      "aggregation": "sum",
      "defaultUnit": "MEUR",
      "keepDimensions": "Processset"
    }
  },
  "TRA_AVIDOM_FuelCons": {
    "TRA_AVIDOM_FuelCons": {
      "aggregation": "sum",
      "defaultUnit": "PJ",
      "keepDimensions": "Commodity"
    }
  },
  "TRA_AVIINT_FuelCons": {
    "TRA_AVIINT_FuelCons": {
      "aggregation": "sum",
      "defaultUnit": "PJ",
      "keepDimensions": "Commodity"
    }
  },
  "TRA_Emissions-CO2": {
    "TRA_Emissions-CO2": {
      "aggregation": "sum",
      "defaultUnit": "kt",
      "keepDimensions": "Processset"
    }
  },
  "TRA_F-HTRUCK-N_TYPE": {
    "TRA_F-HTRUCK-N_TYPE": {
      "aggregation": "sum",
      "defaultUnit": "kVehicles",
      "keepDimensions": "Processset"
    }
  },
  "TRA_F-HTRUCK_TYPE": {
    "TRA_F-HTRUCK_TYPE": {
      "aggregation": "sum",
      "defaultUnit": "kVehicles",
      "keepDimensions": "Processset"
    }
  },
  "TRA_F-LTRUCK-N_TYPE": {
    "TRA_F-LTRUCK-N_TYPE": {
      "aggregation": "sum",
      "defaultUnit": "kVehicles",
      "keepDimensions": "Processset"
    }
  },
  "TRA_F-LTRUCK_TYPE": {
    "TRA_F-LTRUCK_TYPE": {
      "aggregation": "sum",
      "defaultUnit": "kVehicles",
      "keepDimensions": "Processset"
    }
  },
  "TRA_F-MTRUCK-N_TYPE": {
    "TRA_F-MTRUCK-N_TYPE": {
      "aggregation": "sum",
      "defaultUnit": "kVehicles",
      "keepDimensions": "Processset"
    }
  },
  "TRA_F-MTRUCK_TYPE": {
    "TRA_F-MTRUCK_TYPE": {
      "aggregation": "sum",
      "defaultUnit": "kVehicles",
      "keepDimensions": "Processset"
    }
  },
  "TRA_FEC": {
    "TRA_FEC": {
      "aggregation": "sum",
      "defaultUnit": "PJ",
      "keepDimensions": "Commodity"
    }
  },
  "TRA_Freight_Land_FuelCons": {
    "TRA_Freight_Land_FuelCons": {
      "aggregation": "sum",
      "defaultUnit": "PJ",
      "keepDimensions": "Commodity"
    }
  },
  "TRA_Freight_Land_Mode": {
    "TRA_Freight_Land_Mode": {
      "aggregation": "sum",
      "defaultUnit": "Btkm",
      "keepDimensions": "Processset"
    }
  },
  "TRA_NAV_FuelCons": {
    "TRA_NAV_FuelCons": {
      "aggregation": "sum",
      "defaultUnit": "PJ",
      "keepDimensions": "Commodity"
    }
  },
  "TRA_OTH_FuelCons": {
    "TRA_OTH_FuelCons": {
      "aggregation": "sum",
      "defaultUnit": "PJ",
      "keepDimensions": "Commodity"
    }
  },
  "TRA_P-CAR-N_TYPE": {
    "TRA_P-CAR-N_TYPE": {
      "aggregation": "sum",
      "defaultUnit": "kVehicles",
      "keepDimensions": "Processset"
    }
  },
  "TRA_P-CAR_TYPE": {
    "TRA_P-CAR_TYPE": {
      "aggregation": "sum",
      "defaultUnit": "kVehicles",
      "keepDimensions": "Processset"
    }
  },
  "TRA_Passenger_Land_Distance": {
    "TRA_Passenger_Land_Distance": {
      "aggregation": "sum",
      "defaultUnit": "Bpkm",
      "keepDimensions": "Commodity"
    }
  },
  "TRA_Passenger_Land_FuelCons": {
    "TRA_Passenger_Land_FuelCons": {
      "aggregation": "sum",
      "defaultUnit": "PJ",
      "keepDimensions": "Commodity"
    }
  },
  "TRA_Passenger_Land_Mode": {
    "TRA_Passenger_Land_Mode": {
      "aggregation": "sum",
      "defaultUnit": "Bpkm",
      "keepDimensions": "Processset"
    }
  },
  "TRA_Passenger_Land_Mode-L": {
    "TRA_Passenger_Land_Mode-L": {
      "aggregation": "sum",
      "defaultUnit": "Bpkm",
      "keepDimensions": "Processset"
    }
  },
  "TRA_Passenger_Land_Mode-M": {
    "TRA_Passenger_Land_Mode-M": {
      "aggregation": "sum",
      "defaultUnit": "Bpkm",
      "keepDimensions": "Processset"
    }
  },
  "TRA_Passenger_Land_Mode-S": {
    "TRA_Passenger_Land_Mode-S": {
      "aggregation": "sum",
      "defaultUnit": "Bpkm",
      "keepDimensions": "Processset"
    }
  },
  "TRA_TURS_FuelCons": {
    "TRA_TURS_FuelCons": {
      "aggregation": "sum",
      "defaultUnit": "PJ",
      "keepDimensions": "Commodity"
    }
  }
}
